
/*!40101 SET @OLD_CHARACTER_SET_CLIENT=@@CHARACTER_SET_CLIENT */;
/*!40101 SET @OLD_CHARACTER_SET_RESULTS=@@CHARACTER_SET_RESULTS */;
/*!40101 SET @OLD_COLLATION_CONNECTION=@@COLLATION_CONNECTION */;
/*!40101 SET NAMES utf8 */;
/*!40103 SET @OLD_TIME_ZONE=@@TIME_ZONE */;
/*!40103 SET TIME_ZONE='+00:00' */;
/*!40014 SET @OLD_UNIQUE_CHECKS=@@UNIQUE_CHECKS, UNIQUE_CHECKS=0 */;
/*!40014 SET @OLD_FOREIGN_KEY_CHECKS=@@FOREIGN_KEY_CHECKS, FOREIGN_KEY_CHECKS=0 */;
/*!40101 SET @OLD_SQL_MODE=@@SQL_MODE, SQL_MODE='NO_AUTO_VALUE_ON_ZERO' */;
/*!40111 SET @OLD_SQL_NOTES=@@SQL_NOTES, SQL_NOTES=0 */;
DROP TABLE IF EXISTS `oc_megamenu`;
/*!40101 SET @saved_cs_client     = @@character_set_client */;
/*!40101 SET character_set_client = utf8 */;
CREATE TABLE `oc_megamenu` (
  `menu_id` int(11) NOT NULL AUTO_INCREMENT,
  `status` tinyint(1) NOT NULL DEFAULT '0',
  `sort_order` int(3) NOT NULL DEFAULT '0',
  `url` varchar(255) COLLATE utf8_unicode_ci DEFAULT NULL,
  `icon` varchar(225) COLLATE utf8_unicode_ci DEFAULT NULL,
  `label_color` varchar(255) COLLATE utf8_unicode_ci DEFAULT NULL,
  `num_column` int(2) unsigned DEFAULT '1',
  `icon_class` varchar(255) CHARACTER SET utf8 DEFAULT NULL,
  `icon_class_status` tinyint(1) NOT NULL DEFAULT '1',
  `module_id` int(11) NOT NULL,
  PRIMARY KEY (`menu_id`)
) ENGINE=MyISAM AUTO_INCREMENT=54 DEFAULT CHARSET=utf8 COLLATE=utf8_unicode_ci;
/*!40101 SET character_set_client = @saved_cs_client */;

/*!40000 ALTER TABLE `oc_megamenu` DISABLE KEYS */;
INSERT INTO `oc_megamenu` VALUES (45,1,1,'index.php?route=common/home','','',4,'',0,34),(46,1,3,'index.php?route=product/category&amp;path=20','','',3,'',0,34),(47,1,7,'index.php?route=bossblog/bossblog','','',1,'',0,34),(48,1,4,'index.php?route=product/category&amp;path=20','','',2,'',0,34),(49,1,5,'index.php?route=product/category&amp;path=33','','',4,'',0,34),(51,1,6,'index.php?route=bossthemes/boss_bulk_order','','',1,'',0,34),(52,1,8,'index.php?route=bossthemes/boss_testimonial','','',1,'',0,34),(53,1,2,'#','','',3,'',0,34);
/*!40000 ALTER TABLE `oc_megamenu` ENABLE KEYS */;
DROP TABLE IF EXISTS `oc_megamenu_column`;
/*!40101 SET @saved_cs_client     = @@character_set_client */;
/*!40101 SET character_set_client = utf8 */;
CREATE TABLE `oc_megamenu_column` (
  `column_id` int(11) NOT NULL AUTO_INCREMENT,
  `row_id` int(11) NOT NULL,
  `sort_order` int(3) NOT NULL DEFAULT '0',
  `status` tinyint(1) NOT NULL,
  `num_column` int(2) unsigned NOT NULL DEFAULT '1',
  `type` varchar(255) COLLATE utf8_unicode_ci DEFAULT NULL,
  `params` text COLLATE utf8_unicode_ci,
  PRIMARY KEY (`column_id`,`row_id`)
) ENGINE=MyISAM AUTO_INCREMENT=54 DEFAULT CHARSET=utf8 COLLATE=utf8_unicode_ci;
/*!40101 SET character_set_client = @saved_cs_client */;

/*!40000 ALTER TABLE `oc_megamenu_column` DISABLE KEYS */;
INSERT INTO `oc_megamenu_column` VALUES (32,17,0,1,1,'category','{\"category_id\":\"20\",\"product_img_w\":\"\",\"product_img_h\":\"\",\"manufacturer_img_w\":\"\",\"manufacturer_img_h\":\"\",\"manufacturer_name\":\"0\",\"content_text\":{\"1\":\"\"}}'),(33,17,0,1,1,'category','{\"category_id\":\"25\",\"product_img_w\":\"\",\"product_img_h\":\"\",\"manufacturer_img_w\":\"\",\"manufacturer_img_h\":\"\",\"manufacturer_name\":\"0\",\"content_text\":{\"1\":\"\"}}'),(34,17,0,1,1,'category','{\"category_id\":\"18\",\"product_img_w\":\"\",\"product_img_h\":\"\",\"manufacturer_img_w\":\"\",\"manufacturer_img_h\":\"\",\"manufacturer_name\":\"0\",\"content_text\":{\"1\":\"\"}}'),(35,18,0,1,1,'html','{\"category_id\":\"0\",\"product_img_w\":\"\",\"product_img_h\":\"\",\"manufacturer_img_w\":\"\",\"manufacturer_img_h\":\"\",\"manufacturer_name\":\"0\",\"content_text\":{\"1\":\"&lt;a title=&quot;Everything&quot; href=&quot;index.php?route=common/home&quot;&gt;&lt;img src=&quot;image/catalog/logo.png&quot; title=&quot;Everything&quot; alt=&quot;Everything&quot;&gt;&lt;/a&gt;&lt;p&gt;Metallic round sunglasses powder blue loafer Prada Saffiano button up print. Floral bandeau envelope clutch dove grey Jil Sander Vasari dress. &lt;/p&gt;&lt;p&gt;Leggings Lanvin Jil Sander Vasari texture collarless grunge leather tote. La mariniu00e8re Acne luxe dungaree knitwear.&lt;/p&gt;\",\"2\":\"&lt;a title=&quot;Everything&quot; href=&quot;index.php?route=common/home&quot;&gt;&lt;img src=&quot;image/catalog/logo.png&quot; title=&quot;Everything&quot; alt=&quot;Everything&quot;&gt;&lt;/a&gt;&lt;p&gt;Metallic round sunglasses powder blue loafer Prada Saffiano button up print. Floral bandeau envelope clutch dove grey Jil Sander Vasari dress. &lt;/p&gt;&lt;p&gt;Leggings Lanvin Jil Sander Vasari texture collarless grunge leather tote. La mariniu00e8re Acne luxe dungaree knitwear.&lt;/p&gt;\"}}'),(36,18,0,1,1,'category','{\"category_id\":\"34\",\"product_img_w\":\"\",\"product_img_h\":\"\",\"manufacturer_img_w\":\"\",\"manufacturer_img_h\":\"\",\"manufacturer_name\":\"0\",\"content_text\":{\"1\":\"\"}}'),(37,19,1,1,1,'category','{\"category_id\":\"20\",\"product_img_w\":\"\",\"product_img_h\":\"\",\"manufacturer_img_w\":\"\",\"manufacturer_img_h\":\"\",\"manufacturer_name\":\"0\",\"content_text\":{\"1\":\"\"}}'),(38,19,2,1,1,'category','{\"category_id\":\"25\",\"product_img_w\":\"\",\"product_img_h\":\"\",\"manufacturer_img_w\":\"\",\"manufacturer_img_h\":\"\",\"manufacturer_name\":\"0\",\"content_text\":{\"1\":\"\"}}'),(39,19,3,1,1,'category','{\"category_id\":\"33\",\"product_img_w\":\"100\",\"product_img_h\":\"100\",\"manufacturer_img_w\":\"\",\"manufacturer_img_h\":\"\",\"manufacturer_name\":\"0\",\"content_text\":{\"1\":\"\",\"2\":\"\"}}'),(40,19,4,1,1,'html','{\"category_id\":\"0\",\"product_img_w\":\"\",\"product_img_h\":\"\",\"manufacturer_img_w\":\"\",\"manufacturer_img_h\":\"\",\"manufacturer_name\":\"0\",\"content_text\":{\"1\":\"&lt;p&gt;&lt;img src=&quot;image/catalog/bt_description/static_menu.jpg&quot; alt=&quot;juniors&quot; style=&quot;width: 300px;&quot;&gt;&lt;br&gt;&lt;/p&gt;\",\"2\":\"&lt;p&gt;&lt;img src=&quot;image/catalog/bt_description/static_menu.jpg&quot; alt=&quot;juniors&quot; style=&quot;width: 300px;&quot;&gt;&lt;br&gt;&lt;/p&gt;\"}}'),(41,20,0,1,1,'html','{\"category_id\":\"0\",\"product_img_w\":\"\",\"product_img_h\":\"\",\"manufacturer_img_w\":\"\",\"manufacturer_img_h\":\"\",\"manufacturer_name\":\"0\",\"content_text\":{\"1\":\"&lt;div class=&quot;bt-site&quot;&gt;\\n  &lt;div class=&quot;image&quot;&gt; &lt;a href=&quot;http:\\/\\/demo.bossthemes.com\\/opencart-laparis\\/site\\/&quot; title=&quot;Home 1&quot;&gt;&lt;img src=&quot;image\\/catalog\\/bt_site\\/Layout_Magento_LaParis_Home_01.jpg&quot; alt=&quot;Home 1&quot;&gt;&lt;\\/a&gt; &lt;\\/div&gt;\\n  &lt;div class=&quot;name&quot;&gt;&lt;a href=&quot;http:\\/\\/demo.bossthemes.com\\/opencart-laparis\\/site\\/&quot; title=&quot;Home 1&quot;&gt;Home 1&lt;\\/a&gt;&lt;\\/div&gt;\\n&lt;\\/div&gt;\",\"2\":\"&lt;div class=&quot;bt-site&quot;&gt;\\n  &lt;div class=&quot;image&quot;&gt; &lt;a href=&quot;http:\\/\\/demo.bossthemes.com\\/opencart-laparis\\/site\\/&quot; title=&quot;Home 1&quot;&gt;&lt;img src=&quot;image\\/catalog\\/bt_site\\/Layout_Magento_LaParis_Home_01.jpg&quot; alt=&quot;Home 1&quot;&gt;&lt;\\/a&gt; &lt;\\/div&gt;\\n  &lt;div class=&quot;name&quot;&gt;&lt;a href=&quot;http:\\/\\/demo.bossthemes.com\\/opencart-laparis\\/site\\/&quot; title=&quot;Home 1&quot;&gt;Home 1&lt;\\/a&gt;&lt;\\/div&gt;\\n&lt;\\/div&gt;\"}}'),(42,20,0,1,1,'html','{\"category_id\":\"0\",\"product_img_w\":\"\",\"product_img_h\":\"\",\"manufacturer_img_w\":\"\",\"manufacturer_img_h\":\"\",\"manufacturer_name\":\"0\",\"content_text\":{\"1\":\"&lt;div class=&quot;bt-site&quot;&gt;\\n  &lt;div class=&quot;image&quot;&gt; &lt;a href=&quot;http:\\/\\/demo.bossthemes.com\\/opencart-laparis\\/site2\\/&quot; title=&quot;Home 2&quot;&gt;&lt;img src=&quot;image\\/catalog\\/bt_site\\/Layout_Magento_LaParis_Home_02.jpg&quot; alt=&quot;Home 2&quot;&gt;&lt;\\/a&gt; &lt;\\/div&gt;\\n  &lt;div class=&quot;name&quot;&gt;&lt;a href=&quot;http:\\/\\/demo.bossthemes.com\\/opencart-laparis\\/site2\\/&quot; title=&quot;Home 2&quot;&gt;Home 2&lt;\\/a&gt;&lt;\\/div&gt;\\n&lt;\\/div&gt;\",\"2\":\"&lt;div class=&quot;bt-site&quot;&gt;\\n  &lt;div class=&quot;image&quot;&gt; &lt;a href=&quot;http:\\/\\/demo.bossthemes.com\\/opencart-laparis\\/site2\\/&quot; title=&quot;Home 2&quot;&gt;&lt;img src=&quot;image\\/catalog\\/bt_site\\/Layout_Magento_LaParis_Home_02.jpg&quot; alt=&quot;Home 2&quot;&gt;&lt;\\/a&gt; &lt;\\/div&gt;\\n  &lt;div class=&quot;name&quot;&gt;&lt;a href=&quot;http:\\/\\/demo.bossthemes.com\\/opencart-laparis\\/site2\\/&quot; title=&quot;Home 2&quot;&gt;Home 2&lt;\\/a&gt;&lt;\\/div&gt;\\n&lt;\\/div&gt;\"}}'),(43,20,0,1,1,'html','{\"category_id\":\"0\",\"product_img_w\":\"\",\"product_img_h\":\"\",\"manufacturer_img_w\":\"\",\"manufacturer_img_h\":\"\",\"manufacturer_name\":\"0\",\"content_text\":{\"1\":\"&lt;div class=&quot;bt-site&quot;&gt;\\n  &lt;div class=&quot;image&quot;&gt; &lt;a href=&quot;http:\\/\\/demo.bossthemes.com\\/opencart-laparis\\/site3\\/&quot; title=&quot;Home 3&quot;&gt;&lt;img src=&quot;image\\/catalog\\/bt_site\\/Layout_Magento_LaParis_Home_03.jpg&quot; alt=&quot;Home 3&quot;&gt;&lt;\\/a&gt; &lt;\\/div&gt;\\n  &lt;div class=&quot;name&quot;&gt;&lt;a href=&quot;http:\\/\\/demo.bossthemes.com\\/opencart-laparis\\/site3\\/&quot; title=&quot;Home 3&quot;&gt;Home 3&lt;\\/a&gt;&lt;\\/div&gt;\\n&lt;\\/div&gt;\",\"2\":\"&lt;div class=&quot;bt-site&quot;&gt;\\n  &lt;div class=&quot;image&quot;&gt; &lt;a href=&quot;http:\\/\\/demo.bossthemes.com\\/opencart-laparis\\/site3\\/&quot; title=&quot;Home 3&quot;&gt;&lt;img src=&quot;image\\/catalog\\/bt_site\\/Layout_Magento_LaParis_Home_03.jpg&quot; alt=&quot;Home 3&quot;&gt;&lt;\\/a&gt; &lt;\\/div&gt;\\n  &lt;div class=&quot;name&quot;&gt;&lt;a href=&quot;http:\\/\\/demo.bossthemes.com\\/opencart-laparis\\/site3\\/&quot; title=&quot;Home 3&quot;&gt;Home 3&lt;\\/a&gt;&lt;\\/div&gt;\\n&lt;\\/div&gt;\"}}'),(44,20,0,1,1,'html','{\"category_id\":\"0\",\"product_img_w\":\"\",\"product_img_h\":\"\",\"manufacturer_img_w\":\"\",\"manufacturer_img_h\":\"\",\"manufacturer_name\":\"0\",\"content_text\":{\"1\":\"&lt;div class=&quot;bt-site&quot;&gt;\\n  &lt;div class=&quot;image&quot;&gt; &lt;a href=&quot;http:\\/\\/demo.bossthemes.com\\/opencart-laparis\\/site4\\/&quot; title=&quot;Home 4&quot;&gt;&lt;img src=&quot;image\\/catalog\\/bt_site\\/Layout_Magento_LaParis_Home_04.jpg&quot; alt=&quot;Home 4&quot;&gt;&lt;\\/a&gt; &lt;\\/div&gt;\\n  &lt;div class=&quot;name&quot;&gt;&lt;a href=&quot;http:\\/\\/demo.bossthemes.com\\/opencart-laparis\\/site4\\/&quot; title=&quot;Home 4&quot;&gt;Home 4&lt;\\/a&gt;&lt;\\/div&gt;\\n&lt;\\/div&gt;\",\"2\":\"&lt;div class=&quot;bt-site&quot;&gt;\\n  &lt;div class=&quot;image&quot;&gt; &lt;a href=&quot;http:\\/\\/demo.bossthemes.com\\/opencart-laparis\\/site4\\/&quot; title=&quot;Home 4&quot;&gt;&lt;img src=&quot;image\\/catalog\\/bt_site\\/Layout_Magento_LaParis_Home_04.jpg&quot; alt=&quot;Home 4&quot;&gt;&lt;\\/a&gt; &lt;\\/div&gt;\\n  &lt;div class=&quot;name&quot;&gt;&lt;a href=&quot;http:\\/\\/demo.bossthemes.com\\/opencart-laparis\\/site4\\/&quot; title=&quot;Home 4&quot;&gt;Home 4&lt;\\/a&gt;&lt;\\/div&gt;\\n&lt;\\/div&gt;\"}}'),(45,21,1,1,1,'html','{\"category_id\":\"0\",\"product_img_w\":\"\",\"product_img_h\":\"\",\"manufacturer_img_w\":\"\",\"manufacturer_img_h\":\"\",\"manufacturer_name\":\"0\",\"content_text\":{\"1\":\"&lt;div class=&quot;bt-site&quot;&gt;\\n  &lt;div class=&quot;image&quot;&gt; &lt;a href=&quot;http:\\/\\/demo.bossthemes.com\\/opencart-laparis\\/site5\\/&quot; title=&quot;Home 5&quot;&gt;&lt;img src=&quot;image\\/catalog\\/bt_site\\/Layout_Magento_LaParis_Home_05.jpg&quot; alt=&quot;Home 5&quot;&gt;&lt;\\/a&gt; &lt;\\/div&gt;\\n  &lt;div class=&quot;name&quot;&gt;&lt;a href=&quot;http:\\/\\/demo.bossthemes.com\\/opencart-laparis\\/site5\\/&quot; title=&quot;Home 5&quot;&gt;Home 5&lt;\\/a&gt;&lt;\\/div&gt;\\n&lt;\\/div&gt;\",\"2\":\"&lt;div class=&quot;bt-site&quot;&gt;\\n  &lt;div class=&quot;image&quot;&gt; &lt;a href=&quot;http:\\/\\/demo.bossthemes.com\\/opencart-laparis\\/site5\\/&quot; title=&quot;Home 5&quot;&gt;&lt;img src=&quot;image\\/catalog\\/bt_site\\/Layout_Magento_LaParis_Home_05.jpg&quot; alt=&quot;Home 5&quot;&gt;&lt;\\/a&gt; &lt;\\/div&gt;\\n  &lt;div class=&quot;name&quot;&gt;&lt;a href=&quot;http:\\/\\/demo.bossthemes.com\\/opencart-laparis\\/site5\\/&quot; title=&quot;Home 5&quot;&gt;Home 5&lt;\\/a&gt;&lt;\\/div&gt;\\n&lt;\\/div&gt;\"}}'),(46,21,2,1,1,'html','{\"category_id\":\"0\",\"product_img_w\":\"\",\"product_img_h\":\"\",\"manufacturer_img_w\":\"\",\"manufacturer_img_h\":\"\",\"manufacturer_name\":\"0\",\"content_text\":{\"1\":\"&lt;div class=&quot;bt-site&quot;&gt;\\n  &lt;div class=&quot;image&quot;&gt; &lt;a href=&quot;http:\\/\\/demo.bossthemes.com\\/opencart-laparis\\/site6\\/&quot; title=&quot;Home 6&quot;&gt;&lt;img src=&quot;image\\/catalog\\/bt_site\\/Layout_Magento_LaParis_Home_06.jpg&quot; alt=&quot;Home 6&quot;&gt;&lt;\\/a&gt; &lt;\\/div&gt;\\n  &lt;div class=&quot;name&quot;&gt;&lt;a href=&quot;http:\\/\\/demo.bossthemes.com\\/opencart-laparis\\/site6\\/&quot; title=&quot;Home 6&quot;&gt;Home 6&lt;\\/a&gt;&lt;\\/div&gt;\\n&lt;\\/div&gt;\",\"2\":\"&lt;div class=&quot;bt-site&quot;&gt;\\n  &lt;div class=&quot;image&quot;&gt; &lt;a href=&quot;http:\\/\\/demo.bossthemes.com\\/opencart-laparis\\/site6\\/&quot; title=&quot;Home 6&quot;&gt;&lt;img src=&quot;image\\/catalog\\/bt_site\\/Layout_Magento_LaParis_Home_06.jpg&quot; alt=&quot;Home 6&quot;&gt;&lt;\\/a&gt; &lt;\\/div&gt;\\n  &lt;div class=&quot;name&quot;&gt;&lt;a href=&quot;http:\\/\\/demo.bossthemes.com\\/opencart-laparis\\/site6\\/&quot; title=&quot;Home 6&quot;&gt;Home 6&lt;\\/a&gt;&lt;\\/div&gt;\\n&lt;\\/div&gt;\"}}'),(47,21,3,1,1,'html','{\"category_id\":\"0\",\"product_img_w\":\"\",\"product_img_h\":\"\",\"manufacturer_img_w\":\"\",\"manufacturer_img_h\":\"\",\"manufacturer_name\":\"0\",\"content_text\":{\"1\":\"&lt;div class=&quot;bt-site&quot;&gt;\\n  &lt;div class=&quot;image&quot;&gt; &lt;a href=&quot;http:\\/\\/demo.bossthemes.com\\/opencart-laparis\\/site7\\/&quot; title=&quot;Home 7&quot;&gt;&lt;img src=&quot;image\\/catalog\\/bt_site\\/Layout_Magento_LaParis_Home_07.jpg&quot; alt=&quot;Home 7&quot;&gt;&lt;\\/a&gt; &lt;\\/div&gt;\\n  &lt;div class=&quot;name&quot;&gt;&lt;a href=&quot;http:\\/\\/demo.bossthemes.com\\/opencart-laparis\\/site7\\/&quot; title=&quot;Home 7&quot;&gt;Home 7&lt;\\/a&gt;&lt;\\/div&gt;\\n&lt;\\/div&gt;\\n\",\"2\":\"&lt;div class=&quot;bt-site&quot;&gt;\\n  &lt;div class=&quot;image&quot;&gt; &lt;a href=&quot;http:\\/\\/demo.bossthemes.com\\/opencart-laparis\\/site7\\/&quot; title=&quot;Home 7&quot;&gt;&lt;img src=&quot;image\\/catalog\\/bt_site\\/Layout_Magento_LaParis_Home_07.jpg&quot; alt=&quot;Home 7&quot;&gt;&lt;\\/a&gt; &lt;\\/div&gt;\\n  &lt;div class=&quot;name&quot;&gt;&lt;a href=&quot;http:\\/\\/demo.bossthemes.com\\/opencart-laparis\\/site7\\/&quot; title=&quot;Home 7&quot;&gt;Home 7&lt;\\/a&gt;&lt;\\/div&gt;\\n&lt;\\/div&gt;\\n\"}}'),(48,22,0,1,1,'html','{\"category_id\":\"0\",\"product_img_w\":\"\",\"product_img_h\":\"\",\"manufacturer_img_w\":\"\",\"manufacturer_img_h\":\"\",\"manufacturer_name\":\"0\",\"content_text\":{\"1\":\"&lt;div class=&quot;bt-product-site&quot;&gt;\\n  &lt;div class=&quot;image&quot;&gt; &lt;a href=&quot;index.php?route=product\\/product&amp;amp;path=20&amp;amp;product_id=40&amp;amp;style=product_1&quot; title=&quot;Product standard&quot;&gt;&lt;img src=&quot;image\\/catalog\\/bt_site\\/product_01.png&quot; alt=&quot;Product standard&quot;&gt;&lt;\\/a&gt; &lt;\\/div&gt;\\n  &lt;div class=&quot;name&quot;&gt;&lt;a href=&quot;index.php?route=product\\/product&amp;amp;path=20&amp;amp;product_id=40&amp;amp;style=product_1&quot; title=&quot;Product standard&quot;&gt;Product standard&lt;\\/a&gt;&lt;\\/div&gt;\\n&lt;\\/div&gt;\",\"2\":\"&lt;div class=&quot;bt-product-site&quot;&gt;\\n  &lt;div class=&quot;image&quot;&gt; &lt;a href=&quot;index.php?route=product\\/product&amp;amp;path=20&amp;amp;product_id=40&amp;amp;style=product_1&quot; title=&quot;Product standard&quot;&gt;&lt;img src=&quot;image\\/catalog\\/bt_site\\/product_01.png&quot; alt=&quot;Product standard&quot;&gt;&lt;\\/a&gt; &lt;\\/div&gt;\\n  &lt;div class=&quot;name&quot;&gt;&lt;a href=&quot;index.php?route=product\\/product&amp;amp;path=20&amp;amp;product_id=40&amp;amp;style=product_1&quot; title=&quot;Product standard&quot;&gt;Product standard&lt;\\/a&gt;&lt;\\/div&gt;\\n&lt;\\/div&gt;\"}}'),(49,22,0,1,1,'html','{\"category_id\":\"0\",\"product_img_w\":\"\",\"product_img_h\":\"\",\"manufacturer_img_w\":\"\",\"manufacturer_img_h\":\"\",\"manufacturer_name\":\"0\",\"content_text\":{\"1\":\"&lt;div class=&quot;bt-product-site&quot;&gt;\\n  &lt;div class=&quot;image&quot;&gt; &lt;a href=&quot;index.php?route=product\\/product&amp;amp;path=20&amp;amp;product_id=40&amp;amp;style=product_2&quot; title=&quot;Thumbnail on right&quot;&gt;&lt;img src=&quot;image\\/catalog\\/bt_site\\/product_02.png&quot; alt=&quot;Thumbnail on right&quot;&gt;&lt;\\/a&gt; &lt;\\/div&gt;\\n  &lt;div class=&quot;name&quot;&gt;&lt;a href=&quot;index.php?route=product\\/product&amp;amp;path=20&amp;amp;product_id=40&amp;amp;style=product_2&quot; title=&quot;Thumbnail on right&quot;&gt;Thumbnail on right&lt;\\/a&gt;&lt;\\/div&gt;\\n&lt;\\/div&gt;\",\"2\":\"&lt;div class=&quot;bt-product-site&quot;&gt;\\n  &lt;div class=&quot;image&quot;&gt; &lt;a href=&quot;index.php?route=product\\/product&amp;amp;path=20&amp;amp;product_id=40&amp;amp;style=product_2&quot; title=&quot;Thumbnail on right&quot;&gt;&lt;img src=&quot;image\\/catalog\\/bt_site\\/product_02.png&quot; alt=&quot;Thumbnail on right&quot;&gt;&lt;\\/a&gt; &lt;\\/div&gt;\\n  &lt;div class=&quot;name&quot;&gt;&lt;a href=&quot;index.php?route=product\\/product&amp;amp;path=20&amp;amp;product_id=40&amp;amp;style=product_2&quot; title=&quot;Thumbnail on right&quot;&gt;Thumbnail on right&lt;\\/a&gt;&lt;\\/div&gt;\\n&lt;\\/div&gt;\"}}'),(50,22,0,1,1,'html','{\"category_id\":\"0\",\"product_img_w\":\"\",\"product_img_h\":\"\",\"manufacturer_img_w\":\"\",\"manufacturer_img_h\":\"\",\"manufacturer_name\":\"0\",\"content_text\":{\"1\":\"&lt;div class=&quot;bt-product-site&quot;&gt;\\n  &lt;div class=&quot;image&quot;&gt; &lt;a href=&quot;index.php?route=product\\/product&amp;amp;path=20&amp;amp;product_id=40&amp;amp;style=product_3&quot; title=&quot;Thumbnail on bottom&quot;&gt;&lt;img src=&quot;image\\/catalog\\/bt_site\\/product_03.png&quot; alt=&quot;Thumbnail on bottom&quot;&gt;&lt;\\/a&gt; &lt;\\/div&gt;\\n  &lt;div class=&quot;name&quot;&gt;&lt;a href=&quot;index.php?route=product\\/product&amp;amp;path=20&amp;amp;product_id=40&amp;amp;style=product_3&quot; title=&quot;Thumbnail on bottom&quot;&gt;Thumbnail on bottom&lt;\\/a&gt;&lt;\\/div&gt;\\n&lt;\\/div&gt;\",\"2\":\"&lt;div class=&quot;bt-product-site&quot;&gt;\\n  &lt;div class=&quot;image&quot;&gt; &lt;a href=&quot;index.php?route=product\\/product&amp;amp;path=20&amp;amp;product_id=40&amp;amp;style=product_3&quot; title=&quot;Thumbnail on bottom&quot;&gt;&lt;img src=&quot;image\\/catalog\\/bt_site\\/product_03.png&quot; alt=&quot;Thumbnail on bottom&quot;&gt;&lt;\\/a&gt; &lt;\\/div&gt;\\n  &lt;div class=&quot;name&quot;&gt;&lt;a href=&quot;index.php?route=product\\/product&amp;amp;path=20&amp;amp;product_id=40&amp;amp;style=product_3&quot; title=&quot;Thumbnail on bottom&quot;&gt;Thumbnail on bottom&lt;\\/a&gt;&lt;\\/div&gt;\\n&lt;\\/div&gt;\"}}'),(51,22,0,1,1,'html','{\"category_id\":\"0\",\"product_img_w\":\"\",\"product_img_h\":\"\",\"manufacturer_img_w\":\"\",\"manufacturer_img_h\":\"\",\"manufacturer_name\":\"0\",\"content_text\":{\"1\":\"&lt;div class=&quot;bt-product-site&quot;&gt;\\n  &lt;div class=&quot;image&quot;&gt; &lt;a href=&quot;index.php?route=product\\/product&amp;amp;path=20&amp;amp;product_id=40&amp;amp;style=product_4&quot; title=&quot;Product gallery thumbnail&quot;&gt;&lt;img src=&quot;image\\/catalog\\/bt_site\\/product_04.png&quot; alt=&quot;Product gallery thumbnail&quot;&gt;&lt;\\/a&gt; &lt;\\/div&gt;\\n  &lt;div class=&quot;name&quot;&gt;&lt;a href=&quot;index.php?route=product\\/product&amp;amp;path=20&amp;amp;product_id=40&amp;amp;style=product_4&quot; title=&quot;Product gallery thumbnail&quot;&gt;Product gallery thumbnail&lt;\\/a&gt;&lt;\\/div&gt;\\n&lt;\\/div&gt;\",\"2\":\"&lt;div class=&quot;bt-product-site&quot;&gt;\\n  &lt;div class=&quot;image&quot;&gt; &lt;a href=&quot;index.php?route=product\\/product&amp;amp;path=20&amp;amp;product_id=40&amp;amp;style=product_4&quot; title=&quot;Product gallery thumbnail&quot;&gt;&lt;img src=&quot;image\\/catalog\\/bt_site\\/product_04.png&quot; alt=&quot;Product gallery thumbnail&quot;&gt;&lt;\\/a&gt; &lt;\\/div&gt;\\n  &lt;div class=&quot;name&quot;&gt;&lt;a href=&quot;index.php?route=product\\/product&amp;amp;path=20&amp;amp;product_id=40&amp;amp;style=product_4&quot; title=&quot;Product gallery thumbnail&quot;&gt;Product gallery thumbnail&lt;\\/a&gt;&lt;\\/div&gt;\\n&lt;\\/div&gt;\"}}'),(52,22,0,1,1,'html','{\"category_id\":\"0\",\"product_img_w\":\"\",\"product_img_h\":\"\",\"manufacturer_img_w\":\"\",\"manufacturer_img_h\":\"\",\"manufacturer_name\":\"0\",\"content_text\":{\"1\":\"&lt;div class=&quot;bt-product-site&quot;&gt;\\n  &lt;div class=&quot;image&quot;&gt; &lt;a href=&quot;index.php?route=product\\/product&amp;amp;path=20&amp;amp;product_id=40&amp;amp;style=product_5&quot; title=&quot;Product with sticky info&quot;&gt;&lt;img src=&quot;image\\/catalog\\/bt_site\\/product_05.png&quot; alt=&quot;Product sticky info&quot;&gt;&lt;\\/a&gt; &lt;\\/div&gt;\\n  &lt;div class=&quot;name&quot;&gt;&lt;a href=&quot;index.php?route=product\\/product&amp;amp;path=20&amp;amp;product_id=40&amp;amp;style=product_5&quot; title=&quot;Product with sticky info&quot;&gt;Product sticky info&lt;\\/a&gt;&lt;\\/div&gt;\\n&lt;\\/div&gt;\",\"2\":\"&lt;div class=&quot;bt-product-site&quot;&gt;\\n  &lt;div class=&quot;image&quot;&gt; &lt;a href=&quot;index.php?route=product\\/product&amp;amp;path=20&amp;amp;product_id=40&amp;amp;style=product_5&quot; title=&quot;Product with sticky info&quot;&gt;&lt;img src=&quot;image\\/catalog\\/bt_site\\/product_05.png&quot; alt=&quot;Product sticky info&quot;&gt;&lt;\\/a&gt; &lt;\\/div&gt;\\n  &lt;div class=&quot;name&quot;&gt;&lt;a href=&quot;index.php?route=product\\/product&amp;amp;path=20&amp;amp;product_id=40&amp;amp;style=product_5&quot; title=&quot;Product with sticky info&quot;&gt;Product sticky info&lt;\\/a&gt;&lt;\\/div&gt;\\n&lt;\\/div&gt;\"}}'),(53,22,0,1,1,'html','{\"category_id\":\"0\",\"product_img_w\":\"\",\"product_img_h\":\"\",\"manufacturer_img_w\":\"\",\"manufacturer_img_h\":\"\",\"manufacturer_name\":\"0\",\"content_text\":{\"1\":\"&lt;div class=&quot;bt-product-site&quot;&gt;\\n  &lt;div class=&quot;image&quot;&gt; &lt;a href=&quot;index.php?route=product\\/product&amp;amp;path=20&amp;amp;product_id=40&amp;amp;style=product_6&quot; title=&quot;Product sticky info&quot;&gt;&lt;img src=&quot;image\\/catalog\\/bt_site\\/product_06.png&quot; alt=&quot;Product sticky info 2&quot;&gt;&lt;\\/a&gt; &lt;\\/div&gt;\\n  &lt;div class=&quot;name&quot;&gt;&lt;a href=&quot;index.php?route=product\\/product&amp;amp;path=20&amp;amp;product_id=40&amp;amp;style=product_6&quot; title=&quot;Product sticky info&quot;&gt;Product sticky info 2&lt;\\/a&gt;&lt;\\/div&gt;\\n&lt;\\/div&gt;\",\"2\":\"&lt;div class=&quot;bt-product-site&quot;&gt;\\n  &lt;div class=&quot;image&quot;&gt; &lt;a href=&quot;index.php?route=product\\/product&amp;amp;path=20&amp;amp;product_id=40&amp;amp;style=product_6&quot; title=&quot;Product sticky info&quot;&gt;&lt;img src=&quot;image\\/catalog\\/bt_site\\/product_06.png&quot; alt=&quot;Product sticky info 2&quot;&gt;&lt;\\/a&gt; &lt;\\/div&gt;\\n  &lt;div class=&quot;name&quot;&gt;&lt;a href=&quot;index.php?route=product\\/product&amp;amp;path=20&amp;amp;product_id=40&amp;amp;style=product_6&quot; title=&quot;Product sticky info&quot;&gt;Product sticky info 2&lt;\\/a&gt;&lt;\\/div&gt;\\n&lt;\\/div&gt;\"}}');
/*!40000 ALTER TABLE `oc_megamenu_column` ENABLE KEYS */;
DROP TABLE IF EXISTS `oc_megamenu_description`;
/*!40101 SET @saved_cs_client     = @@character_set_client */;
/*!40101 SET character_set_client = utf8 */;
CREATE TABLE `oc_megamenu_description` (
  `menu_id` int(11) NOT NULL,
  `language_id` int(11) NOT NULL,
  `title` varchar(255) CHARACTER SET utf8 COLLATE utf8_unicode_ci NOT NULL,
  `label` varchar(255) CHARACTER SET utf8 COLLATE utf8_unicode_ci DEFAULT NULL,
  PRIMARY KEY (`menu_id`,`language_id`)
) ENGINE=MyISAM DEFAULT CHARSET=utf8;
/*!40101 SET character_set_client = @saved_cs_client */;

/*!40000 ALTER TABLE `oc_megamenu_description` DISABLE KEYS */;
INSERT INTO `oc_megamenu_description` VALUES (45,1,'HOME',''),(45,2,'HOME',''),(46,1,'WOMEN',''),(46,2,'WOMEN',''),(47,1,'BLOG',''),(47,2,'BLOG',''),(48,1,'MEN',''),(48,2,'MEN',''),(49,1,'JUNIORS',''),(49,2,'JUNIORS',''),(51,1,'BULK ORDERS',''),(51,2,'BULK ORDERS',''),(52,1,'TESTIMONIAL',''),(52,2,'TESTIMONIAL',''),(53,1,'PRODUCT',''),(53,2,'PRODUCT','');
/*!40000 ALTER TABLE `oc_megamenu_description` ENABLE KEYS */;
DROP TABLE IF EXISTS `oc_megamenu_row`;
/*!40101 SET @saved_cs_client     = @@character_set_client */;
/*!40101 SET character_set_client = utf8 */;
CREATE TABLE `oc_megamenu_row` (
  `row_id` int(11) NOT NULL AUTO_INCREMENT,
  `menu_id` int(11) NOT NULL,
  `sort_order` int(3) NOT NULL DEFAULT '0',
  `status` tinyint(1) NOT NULL,
  `height` decimal(10,0) DEFAULT NULL,
  `bg_color` varchar(255) COLLATE utf8_unicode_ci DEFAULT NULL,
  `bg_image` varchar(255) COLLATE utf8_unicode_ci DEFAULT NULL,
  PRIMARY KEY (`row_id`,`menu_id`)
) ENGINE=MyISAM AUTO_INCREMENT=23 DEFAULT CHARSET=utf8 COLLATE=utf8_unicode_ci;
/*!40101 SET character_set_client = @saved_cs_client */;

/*!40000 ALTER TABLE `oc_megamenu_row` DISABLE KEYS */;
INSERT INTO `oc_megamenu_row` VALUES (17,46,0,1,0,'','catalog/bt_description/bg-menu-shop.jpg'),(18,48,0,1,0,'',''),(19,49,0,1,0,'',''),(20,45,0,1,0,'',''),(21,45,0,1,0,'',''),(22,53,0,1,0,'','');
/*!40000 ALTER TABLE `oc_megamenu_row` ENABLE KEYS */;
/*!40103 SET TIME_ZONE=@OLD_TIME_ZONE */;

/*!40101 SET SQL_MODE=@OLD_SQL_MODE */;
/*!40014 SET FOREIGN_KEY_CHECKS=@OLD_FOREIGN_KEY_CHECKS */;
/*!40014 SET UNIQUE_CHECKS=@OLD_UNIQUE_CHECKS */;
/*!40101 SET CHARACTER_SET_CLIENT=@OLD_CHARACTER_SET_CLIENT */;
/*!40101 SET CHARACTER_SET_RESULTS=@OLD_CHARACTER_SET_RESULTS */;
/*!40101 SET COLLATION_CONNECTION=@OLD_COLLATION_CONNECTION */;
/*!40111 SET SQL_NOTES=@OLD_SQL_NOTES */;

